regime,count,percentage,PM10_mean,PM10_std,temp_mean,temp_std,humidity_mean,humidity_std,rain_mean,rain_std,wind_mean,wind_std
0,313,7.772535386143531,0.024690622463822365,1.1156216859817505,-0.1752370297908783,0.6746988892555237,1.2565028667449951,0.6670296788215637,1.5812824964523315,3.3058111667633057,0.04839123785495758,0.8489662408828735
1,2801,69.55550037248572,0.1106075569987297,1.0367844104766846,0.12145020067691803,0.9458922743797302,0.10213638842105865,0.9315305352210999,-0.1275886446237564,0.06827850639820099,-0.4658559262752533,0.35367056727409363
2,913,22.67196424137075,-0.35334596037864685,0.7173234820365906,-0.30256104469299316,1.1928154230117798,-0.6761901378631592,0.7249022722244263,-0.13065804541110992,0.04140235483646393,1.4159621000289917,1.1232421398162842
